{"Precision@k":0.3333333333333333,"_wandb":{"runtime":5},"_runtime":5,"k_value":3,"_timestamp":1.7823954235259333e+09,"_step":0}