{"Average Precision@5":0.3333333333333333,"Average Recall@5":0.018115942028985508,"_timestamp":1.7827452819277916e+09,"_wandb":{"runtime":7},"_runtime":7,"_step":0}