{"_runtime":3,"Average Precision@15":0.5333333333333333,"Average Recall@15":0.3128991060025543,"_timestamp":1.7827455961371984e+09,"_step":0,"_wandb":{"runtime":3}}