{"Average Recall@8":0.28991060025542786,"_timestamp":1.782759281825466e+09,"_step":0,"Average Precision@8":0.75,"_wandb":{"runtime":5},"_runtime":5}