{"_step":0,"Precision@k":0.6666666666666666,"k_value":3,"_timestamp":1.7823922001291466e+09,"_wandb":{"runtime":4},"_runtime":4}