{"_timestamp":1.782746479895953e+09,"_step":0,"Average Precision@8":0.75,"Average Recall@8":0.28991060025542786,"_wandb":{"runtime":4},"_runtime":4}